{
  "id": "4116886",
  "name": "page",
  "font_family": "iconfont",
  "css_prefix_text": "icon-",
  "description": "",
  "glyphs": [
    {
      "icon_id": "21107385",
      "name": "亮度",
      "font_class": "taiyang",
      "unicode": "e61b",
      "unicode_decimal": 58907
    },
    {
      "icon_id": "831197",
      "name": "返回顶部",
      "font_class": "dingbu",
      "unicode": "e666",
      "unicode_decimal": 58982
    },
    {
      "icon_id": "1899068",
      "name": "telegram",
      "font_class": "telegram",
      "unicode": "e731",
      "unicode_decimal": 59185
    },
    {
      "icon_id": "32228192",
      "name": "夜间模式",
      "font_class": "yewan",
      "unicode": "e608",
      "unicode_decimal": 58888
    },
    {
      "icon_id": "16322772",
      "name": "放大",
      "font_class": "fangda",
      "unicode": "e6fa",
      "unicode_decimal": 59130
    },
    {
      "icon_id": "734314",
      "name": "支付宝支付",
      "font_class": "zhifubao",
      "unicode": "e612",
      "unicode_decimal": 58898
    },
    {
      "icon_id": "1115081",
      "name": "微博",
      "font_class": "weibo",
      "unicode": "e63e",
      "unicode_decimal": 58942
    },
    {
      "icon_id": "1244207",
      "name": "知乎",
      "font_class": "zhihu",
      "unicode": "e69a",
      "unicode_decimal": 59034
    },
    {
      "icon_id": "3176645",
      "name": "GitHub",
      "font_class": "github",
      "unicode": "ea0a",
      "unicode_decimal": 59914
    },
    {
      "icon_id": "8356570",
      "name": "推特1",
      "font_class": "tuite",
      "unicode": "e652",
      "unicode_decimal": 58962
    },
    {
      "icon_id": "11758480",
      "name": "豆瓣",
      "font_class": "douban",
      "unicode": "e783",
      "unicode_decimal": 59267
    },
    {
      "icon_id": "16322109",
      "name": "播放",
      "font_class": "bofang",
      "unicode": "e6be",
      "unicode_decimal": 59070
    },
    {
      "icon_id": "16322156",
      "name": "定位",
      "font_class": "dingwei",
      "unicode": "e6c6",
      "unicode_decimal": 59078
    },
    {
      "icon_id": "16322450",
      "name": "团队",
      "font_class": "tuandui",
      "unicode": "e6df",
      "unicode_decimal": 59103
    },
    {
      "icon_id": "16322459",
      "name": "邮件",
      "font_class": "youjian",
      "unicode": "e6e3",
      "unicode_decimal": 59107
    },
    {
      "icon_id": "16322462",
      "name": "首页",
      "font_class": "shouye",
      "unicode": "e6e5",
      "unicode_decimal": 59109
    },
    {
      "icon_id": "16322465",
      "name": "个人",
      "font_class": "geren",
      "unicode": "e6e7",
      "unicode_decimal": 59111
    },
    {
      "icon_id": "16322471",
      "name": "添加好友",
      "font_class": "haoyou",
      "unicode": "e6ea",
      "unicode_decimal": 59114
    },
    {
      "icon_id": "16322472",
      "name": "分享",
      "font_class": "fenxiang",
      "unicode": "e6eb",
      "unicode_decimal": 59115
    },
    {
      "icon_id": "16322519",
      "name": "资源",
      "font_class": "ziyuan",
      "unicode": "e6ef",
      "unicode_decimal": 59119
    },
    {
      "icon_id": "16322522",
      "name": "填写",
      "font_class": "tianxie",
      "unicode": "e6f0",
      "unicode_decimal": 59120
    },
    {
      "icon_id": "16322538",
      "name": "链接",
      "font_class": "lianjie",
      "unicode": "e6f1",
      "unicode_decimal": 59121
    },
    {
      "icon_id": "16322556",
      "name": "日期",
      "font_class": "riqi",
      "unicode": "e6f2",
      "unicode_decimal": 59122
    },
    {
      "icon_id": "16322560",
      "name": "相机",
      "font_class": "xiangji",
      "unicode": "e6f3",
      "unicode_decimal": 59123
    },
    {
      "icon_id": "16322561",
      "name": "学校",
      "font_class": "xuexiao",
      "unicode": "e6f4",
      "unicode_decimal": 59124
    },
    {
      "icon_id": "16322773",
      "name": "缩小",
      "font_class": "suoxiao",
      "unicode": "e6fb",
      "unicode_decimal": 59131
    },
    {
      "icon_id": "16322779",
      "name": "刷新",
      "font_class": "shuaxin",
      "unicode": "e6fd",
      "unicode_decimal": 59133
    },
    {
      "icon_id": "16322850",
      "name": "上传",
      "font_class": "shangchuan",
      "unicode": "e6fe",
      "unicode_decimal": 59134
    },
    {
      "icon_id": "16322851",
      "name": "下载",
      "font_class": "xiazai",
      "unicode": "e6ff",
      "unicode_decimal": 59135
    },
    {
      "icon_id": "16322921",
      "name": "结构",
      "font_class": "jiegou",
      "unicode": "e703",
      "unicode_decimal": 59139
    },
    {
      "icon_id": "16322950",
      "name": "音乐",
      "font_class": "yinyue",
      "unicode": "e707",
      "unicode_decimal": 59143
    },
    {
      "icon_id": "16322957",
      "name": "微信",
      "font_class": "weixin",
      "unicode": "e709",
      "unicode_decimal": 59145
    },
    {
      "icon_id": "16323134",
      "name": "星球",
      "font_class": "xingqiu",
      "unicode": "e70e",
      "unicode_decimal": 59150
    },
    {
      "icon_id": "16323135",
      "name": "数据",
      "font_class": "shuju",
      "unicode": "e70f",
      "unicode_decimal": 59151
    },
    {
      "icon_id": "16323137",
      "name": "笔记",
      "font_class": "biji",
      "unicode": "e710",
      "unicode_decimal": 59152
    },
    {
      "icon_id": "18564907",
      "name": "加强版 小红书",
      "font_class": "xiaohongshu",
      "unicode": "e617",
      "unicode_decimal": 58903
    },
    {
      "icon_id": "20885024",
      "name": "切换语言",
      "font_class": "yuyan",
      "unicode": "e769",
      "unicode_decimal": 59241
    },
    {
      "icon_id": "25331692",
      "name": "目标",
      "font_class": "mubiao",
      "unicode": "e786",
      "unicode_decimal": 59270
    },
    {
      "icon_id": "25333402",
      "name": "QQ",
      "font_class": "qq",
      "unicode": "e7a4",
      "unicode_decimal": 59300
    },
    {
      "icon_id": "25334955",
      "name": "研发",
      "font_class": "yanfa",
      "unicode": "e7aa",
      "unicode_decimal": 59306
    }
  ]
}
